{"working_dir":null,"default_chunk_options":{"echo":true},"chunk_definitions":[{"row":12,"row_count":1,"visible":true,"expansion_state":0,"options":{"engine":"r","label":"setup","include":false},"document_id":"974E1141","chunk_id":"csetup_chunk","chunk_label":"setup"},{"row":80,"row_count":1,"visible":true,"expansion_state":0,"options":{"engine":"r","label":"unnamed-chunk-1"},"document_id":"974E1141","chunk_id":"cz5p72hdlaz14","chunk_label":"unnamed-chunk-5"},{"row":88,"row_count":1,"visible":true,"expansion_state":0,"options":{"engine":"r","label":"unnamed-chunk-2"},"document_id":"974E1141","chunk_id":"cse9fy4amactp","chunk_label":"unnamed-chunk-6"},{"row":201,"row_count":1,"visible":true,"expansion_state":0,"options":{"engine":"r","fig.align":"center","label":"unnamed-chunk-4"},"document_id":"974E1141","chunk_id":"cdmspxiw3pxos","chunk_label":"unnamed-chunk-16"},{"row":215,"row_count":1,"visible":true,"expansion_state":0,"options":{"engine":"r","fig.align":"center","label":"unnamed-chunk-5"},"document_id":"974E1141","chunk_id":"c706p3u23f234","chunk_label":"unnamed-chunk-17"},{"row":245,"row_count":1,"visible":true,"expansion_state":0,"options":{"engine":"r","label":"unnamed-chunk-9"},"document_id":"974E1141","chunk_id":"c5ake6id2cr1n","chunk_label":"unnamed-chunk-21"},{"row":248,"row_count":1,"visible":true,"expansion_state":0,"options":{"engine":"r","fig.align":"center","label":"unnamed-chunk-8"},"document_id":"974E1141","chunk_id":"c6rn1ncml9rut","chunk_label":"unnamed-chunk-22"},{"row":255,"row_count":1,"visible":true,"expansion_state":0,"options":{"engine":"r","label":"unnamed-chunk-7"},"document_id":"974E1141","chunk_id":"c1duchuumtvsc","chunk_label":"unnamed-chunk-23"},{"row":265,"row_count":1,"visible":true,"expansion_state":0,"options":{"engine":"r","fig.align":"center","label":"unnamed-chunk-6"},"document_id":"974E1141","chunk_id":"c3jqqfho6y762","chunk_label":"unnamed-chunk-24"}],"doc_write_time":1635875201}